gvkey,datadate,fyear,indfmt,consol,popsrc,datafmt,tic,curcd,ceq,csho,ni,costat,prcc_c
001056,20060630,2006,INDL,C,D,STD,ARXX,USD,487.6700,75.2700,26.9590,I,11.7200
001078,20061231,2006,INDL,C,D,STD,ABT,USD,14054.1860,1537.2430,1716.7550,A,48.7100
001161,20061231,2006,INDL,C,D,STD,AMD,USD,5785.0000,547.0000,-166.0000,A,20.3500
001209,20060930,2006,INDL,C,D,STD,APD,USD,4924.0000,217.2510,723.4000,A,70.2800
001300,20061231,2006,INDL,C,D,STD,HON,USD,9720.0000,800.5920,2083.0000,A,45.2400
001380,20061231,2006,INDL,C,D,STD,HES,USD,8111.0000,315.0180,1916.0000,A,49.5700
001478,20061231,2006,INDL,C,D,STD,WYE,USD,14652.7270,1345.2500,4196.7060,I,50.9200
001533,20060930,2006,INDL,C,D,STD,APFC,USD,71.8840,7.3240,-3.8940,I,7.9900
001598,20061231,2006,INDL,C,D,STD,AME,USD,966.6720,106.0590,181.9340,A,31.8400
001602,20061231,2006,INDL,C,D,STD,AMGN,USD,18964.0000,1166.0000,2950.0000,A,68.3100
001651,20060930,2006,INDL,C,D,STD,ANDW,USD,1507.2750,157.2610,-34.2900,I,10.2300
001677,20061231,2006,INDL,C,D,STD,KTO,USD,539.6370,49.4140,37.6880,I,13.1900
001704,20061031,2006,INDL,C,D,STD,AMAT,USD,6651.4000,1391.7300,1516.6630,A,18.4500
001722,20060630,2006,INDL,C,D,STD,ADM,USD,9806.8800,655.6850,1312.0700,A,31.9600
001913,20061231,2006,INDL,C,D,STD,AVY,USD,1680.5000,98.3130,367.2000,A,67.9300
001920,20061231,2006,INDL,C,D,STD,AVP,USD,790.4000,441.3900,477.6000,I,33.0400
001976,20061231,2006,INDL,C,D,STD,BHI,USD,5242.9000,319.9000,2419.0000,I,74.6600
001981,20061231,2006,INDL,C,D,STD,BEZ,USD,304.8290,32.3780,48.1180,I,33.4200
001988,20061231,2006,INDL,C,D,STD,BLL,USD,1165.4000,104.1370,329.6000,A,43.6000
002044,20061231,2006,INDL,C,D,STD,BCR,USD,1698.0000,103.1550,272.1000,I,82.9700
002086,20061231,2006,INDL,C,D,STD,BAX,USD,6272.0000,650.4790,1397.0000,A,46.3900
002111,20060930,2006,INDL,C,D,STD,BDX,USD,3836.2040,245.4680,752.2800,A,70.1500
002150,20061231,2006,INDL,C,D,STD,BLC,USD,1527.1480,102.2960,130.5260,I,18.3700
002154,20061231,2006,INDL,C,D,STD,BMS,USD,1472.0160,104.8410,176.2960,I,33.9800
002220,20061231,2006,INDL,C,D,STD,BIO,USD,819.5380,26.5040,103.2630,A,82.5200
002255,20061231,2006,INDL,C,D,STD,BDK,USD,1163.6000,66.7350,486.1000,I,79.9700
002270,20061231,2006,INDL,C,D,STD,VAL,USD,3216.0000,151.8000,769.7000,A,50.0600
002285,20061231,2006,INDL,C,D,STD,BA,USD,4739.0000,757.8360,2215.0000,A,88.8400
002338,20061231,2006,INDL,C,D,STD,REXMY,USD,2446.2910,116.6250,436.7680,I,52.0500
002403,20061231,2006,INDL,C,D,STD,BMY,USD,9991.0000,1967.0000,1585.0000,A,26.3200
002410,20061231,2006,INDL,C,D,STD,BP,USD,85444.0000,3251.7500,22315.0000,A,67.1000
002444,20061231,2006,INDL,C,D,STD,BC,USD,1871.8000,90.8670,133.9000,A,31.9000
002593,20060930,2006,INDL,C,D,STD,CBT,USD,1178.0000,63.4330,88.0000,A,43.5700
002663,20060731,2006,INDL,C,D,STD,CPB,USD,1768.0000,402.0000,766.0000,A,38.8900
002710,20060228,2005,INDL,C,D,STD,STZ,USD,2975.1690,223.0350,325.2620,A,26.2300
002721,20061231,2006,INDL,C,D,STD,CAJ,USD,25097.5290,1331.6510,3826.2610,A,56.5900
002787,20060630,2006,INDL,C,D,STD,CRS,USD,928.3000,25.5140,211.8000,A,102.5200
002817,20061231,2006,INDL,C,D,STD,CAT,USD,6859.0000,645.8080,3537.0000,A,61.3300
002950,20061130,2006,INDL,C,D,STD,CHTT,USD,135.5810,18.6690,45.1120,I,50.0800
002991,20061231,2006,INDL,C,D,STD,CVX,USD,68935.0000,2164.5580,17138.0000,A,73.5300
003026,20061231,2006,INDL,C,D,STD,CHD,USD,863.8370,65.3610,138.9270,A,42.6500
003121,20060630,2006,INDL,C,D,STD,CLX,USD,-156.0000,151.2980,444.0000,A,64.1500
003138,20061231,2006,INDL,C,D,STD,COKE,USD,93.9530,9.1030,23.2430,A,68.4300
003144,20061231,2006,INDL,C,D,STD,KO,USD,16920.0000,2318.0000,5080.0000,A,48.2500
003170,20061231,2006,INDL,C,D,STD,CL,USD,1439.6000,512.6590,1353.4000,A,65.2400
003497,20061231,2006,INDL,C,D,STD,CBE,USD,2475.3000,91.1410,464.0000,I,90.4300
003502,20061231,2006,INDL,C,D,STD,CTB,USD,639.8910,61.3800,-78.5110,I,14.3000
003504,20061031,2006,INDL,C,D,STD,COO,USD,1378.5090,44.5480,66.2340,A,44.5000
003505,20061231,2006,INDL,C,D,STD,TAP,USD,5817.3560,87.0250,361.0310,A,76.4400
003532,20061231,2006,INDL,C,D,STD,GLW,USD,7246.0000,1565.0000,1855.0000,A,18.7100
003580,20061231,2006,INDL,C,D,STD,CR,USD,918.6030,60.4730,165.8870,A,36.6400
003619,20061231,2006,INDL,C,D,STD,CCK,USD,-545.0000,162.7110,309.0000,A,20.9200
003650,20061231,2006,INDL,C,D,STD,CMI,USD,2802.0000,50.2000,715.0000,A,118.1800
003735,20061231,2006,INDL,C,D,STD,DHR,USD,6644.6600,308.2420,1122.0290,A,72.4400
003863,20061231,2006,INDL,C,D,STD,DLX,USD,-65.6730,51.5190,100.9540,A,25.2000
004001,20061231,2006,INDL,C,D,STD,DXYN,USD,135.6780,12.9380,7.7030,A,12.6400
004040,20061231,2006,INDL,C,D,STD,RRD,USD,4124.7000,218.8000,400.6000,A,35.5400
004058,20061231,2006,INDL,C,D,STD,DOV,USD,3811.0220,204.3160,561.7820,A,49.0200
004060,20061231,2006,INDL,C,D,STD,DD,USD,17065.0000,958.0510,3724.0000,A,39.9000
004062,20061231,2006,INDL,C,D,STD,DJ,USD,498.9730,83.6470,386.5640,I,38.0000
004108,20061231,2006,INDL,C,D,STD,FLS,USD,1020.5860,56.0220,115.0320,A,50.4700
004145,20061231,2006,INDL,C,D,STD,PKI,USD,1577.7300,123.2550,119.5830,A,22.2300
004199,20061231,2006,INDL,C,D,STD,ETN,USD,4106.0000,146.3000,950.0000,A,75.1400
004213,20061231,2006,INDL,C,D,STD,ECL,USD,1680.2300,251.3370,368.6150,A,45.2000
004321,20060930,2006,INDL,C,D,STD,EMR,USD,8154.0000,402.3470,1845.0000,A,44.0900
004412,20061231,2006,INDL,C,D,STD,VKSC,USD,4.0590,9.9380,1.6090,A,1.5100
004460,20061031,2006,INDL,C,D,STD,ESL,USD,707.9890,25.4900,55.6150,I,40.2300
004462,20061231,2006,INDL,C,D,STD,NEU,USD,301.4020,17.2900,57.5220,A,59.0500
004503,20061231,2006,INDL,C,D,STD,XOM,USD,113844.0000,5729.0000,39500.0000,A,76.6300
004510,20061231,2006,INDL,C,D,STD,FMC,USD,1019.5000,38.3180,132.0000,A,76.5500
004595,20061231,2006,INDL,C,D,STD,FJCC,USD,-121.3870,32.6220,-124.6240,I,1.0000
004622,20061231,2006,INDL,C,D,STD,FOE,USD,524.5490,42.8650,20.0900,A,20.6900
004809,20061231,2006,INDL,C,D,STD,FLO,USD,562.8630,60.4510,81.0430,A,26.9900
004839,20061231,2006,INDL,C,D,STD,F,USD,-3465.0000,1892.5380,-12613.0000,A,7.5100
004926,20061130,2006,INDL,C,D,STD,FUL,USD,777.7920,59.9320,134.2130,A,25.8200
005046,20061231,2006,INDL,C,D,STD,GD,USD,9827.0000,405.7920,1856.0000,A,74.3500
005179,20061231,2006,INDL,C,D,STD,GLT,USD,388.3680,44.8210,-12.2360,A,15.5000
005180,20061231,2006,INDL,C,D,STD,GSK,USD,18896.5730,2801.3340,10554.8950,A,52.7600
005229,20061231,2006,INDL,C,D,STD,GR,USD,1976.7000,124.9510,482.1000,I,45.5500
005234,20061231,2006,INDL,C,D,STD,GT,USD,-758.0000,178.2190,-330.0000,A,20.9900
005338,20061031,2006,INDL,C,D,STD,GEF,USD,844.0110,23.1510,142.1190,A,118.4000
005496,20061231,2006,INDL,C,D,STD,HSC,USD,1146.3640,42.0190,196.3980,A,76.1000
005518,20061231,2006,INDL,C,D,STD,HAS,USD,1537.8900,160.6210,230.0550,A,27.2500
005589,20061231,2006,INDL,C,D,STD,HPC,USD,242.9000,116.0280,238.7000,I,19.3100
005597,20061231,2006,INDL,C,D,STD,HSY,USD,683.4230,230.2640,559.0610,A,49.8000
005606,20061031,2006,INDL,C,D,STD,HPQ,USD,38144.0000,2732.0340,6198.0000,A,41.1900
005608,20061231,2006,INDL,C,D,STD,HXL,USD,301.6000,93.8000,65.9000,A,17.4100
005709,20061031,2006,INDL,C,D,STD,HRL,USD,1802.9120,137.3400,286.1390,A,37.3400
005824,20061231,2006,INDL,C,D,STD,PAS,USD,1604.6000,127.0000,158.3000,I,20.9800
005860,20061231,2006,INDL,C,D,STD,ITT,USD,2864.8000,183.0160,581.1000,A,56.8200
005862,20061231,2006,INDL,C,D,STD,RYN,USD,916.2620,76.8800,176.4180,A,41.0500
005878,20061231,2006,INDL,C,D,STD,ITW,USD,9017.5080,558.7500,1717.7460,A,46.1900
005894,20061231,2006,INDL,C,D,STD,ICIYY,USD,-370.1750,298.2500,577.7870,I,35.4300
005980,20061231,2006,INDL,C,D,STD,TRA,USD,482.9960,92.6300,4.2130,I,11.9800
006008,20061231,2006,INDL,C,D,STD,INTC,USD,36752.0000,5766.0000,5044.0000,A,20.2500
006078,20061231,2006,INDL,C,D,STD,IFF,USD,905.1680,89.4170,226.5000,A,49.1600
006104,20061231,2006,INDL,C,D,STD,IP,USD,7963.0000,453.5000,1050.0000,A,34.1000
006109,20060630,2006,INDL,C,D,STD,IRF,USD,1604.3320,71.9880,107.1560,I,38.5300
006158,20061231,2006,INDL,C,D,STD,IVC,USD,485.3640,31.9770,-317.7740,A,24.5500
006266,20061231,2006,INDL,C,D,STD,JNJ,USD,39318.0000,2893.2300,11053.0000,A,66.0200
006268,20060930,2006,INDL,C,D,STD,JCI,USD,7355.0000,195.7740,1028.0000,A,85.9200
006357,20061231,2006,INDL,C,D,STD,KDN,USD,433.1800,28.0930,69.5080,I,39.7400
006375,20061231,2006,INDL,C,D,STD,K,USD,2069.0000,397.6970,1004.1000,A,50.0600
006376,20060131,2005,INDL,C,D,STD,KWD,USD,609.3670,25.6510,-38.4130,I,23.8800
006386,20060630,2006,INDL,C,D,STD,KMT,USD,1295.3650,38.6070,256.2830,A,58.8500
006435,20061231,2006,INDL,C,D,STD,KMB,USD,6097.4000,455.6000,1499.5000,A,67.9500
006509,20060930,2006,INDL,C,D,STD,KLIC,USD,79.3060,57.2080,52.1700,A,8.4000
006565,20060630,2006,INDL,C,D,STD,LRCX,USD,1396.1490,141.7850,335.7550,A,50.6200
006649,20061231,2006,INDL,C,D,STD,LEG,USD,2351.1000,177.9540,300.3000,A,23.9000
006730,20061231,2006,INDL,C,D,STD,LLY,USD,10980.7000,1091.6680,2662.7000,A,52.1000
006774,20061231,2006,INDL,C,D,STD,LMT,USD,6884.0000,421.3000,2529.0000,A,92.0700
006821,20061231,2006,INDL,C,D,STD,LPX,USD,2067.4000,104.2300,123.7000,A,21.5300
006946,20061231,2006,INDL,C,D,STD,MGA,USD,7157.0000,109.8800,528.0000,A,80.5500
006994,20061231,2006,INDL,C,D,STD,MTW,USD,774.5000,62.1220,166.2000,A,59.4300
007017,20061231,2006,INDL,C,D,STD,MRO,USD,14607.0000,347.7710,5234.0000,A,92.5000
007085,20061231,2006,INDL,C,D,STD,MAS,USD,4471.0000,383.8900,488.0000,A,29.8700
007116,20061231,2006,INDL,C,D,STD,MAT,USD,2432.9740,384.3000,592.9270,A,22.6600
007146,20061130,2006,INDL,C,D,STD,MKC,USD,933.3000,130.1000,202.2000,A,38.5600
007257,20061231,2006,INDL,C,D,STD,MRK,USD,17559.7000,2167.7850,4433.8000,A,43.6000
007343,20060831,2006,INDL,C,D,STD,MU,USD,8114.0000,749.4000,407.8000,A,13.9600
007435,20061231,2006,INDL,C,D,STD,MMM,USD,9959.0000,734.3630,3851.0000,A,77.9300
007549,20060930,2006,INDL,C,D,STD,MOG.A,USD,762.8560,42.2960,81.3460,A,38.1900
007620,20061231,2006,INDL,C,D,STD,MUR,USD,4052.6760,187.5720,638.2790,A,50.8500
007648,20061231,2006,INDL,C,D,STD,NCR,USD,1881.0000,178.9000,382.0000,A,42.7600
007866,20061231,2006,INDL,C,D,STD,NYT,USD,819.8420,143.8600,-543.4430,A,24.3600
007875,20061231,2006,INDL,C,D,STD,NWL,USD,1890.2000,275.3000,385.0000,A,28.9500
007985,20061231,2006,INDL,C,D,STD,NOC,USD,16615.0000,345.9220,1542.0000,A,67.7000
007991,20061231,2006,INDL,C,D,STD,TEX,USD,1751.0000,101.1000,399.9000,A,64.5800
008009,20061231,2006,INDL,C,D,STD,NCX,USD,546.0000,82.5610,-703.0000,I,27.9000
008020,20061231,2006,INDL,C,D,STD,NVO,USD,5333.3100,317.2470,1142.3720,A,83.6300
008030,20061231,2006,INDL,C,D,STD,NUE,USD,4825.9890,300.9490,1757.6810,A,54.6600
008101,20061130,2006,INDL,C,D,STD,ZZ,USD,-172.8380,90.5590,73.9670,I,14.7500
008123,20061231,2006,INDL,C,D,STD,OLN,USD,543.3000,73.3000,149.7000,A,16.5200
008214,20061231,2006,INDL,C,D,STD,OC,USD,3686.0000,130.8000,8075.0000,A,29.9000
008215,20061231,2006,INDL,C,D,STD,OI,USD,-95.8000,154.2350,-27.5000,A,18.4500
008247,20061231,2006,INDL,C,D,STD,PPG,USD,3234.0000,164.0820,711.0000,A,64.2100
008358,20060630,2006,INDL,C,D,STD,PH,USD,4241.2030,120.3150,673.1670,A,76.8800
008463,20061231,2006,INDL,C,D,STD,PNR,USD,1669.9990,99.7770,183.7310,A,31.4000
008479,20061231,2006,INDL,C,D,STD,PEP,USD,15447.0000,1638.0000,5642.0000,A,62.5500
008530,20061231,2006,INDL,C,D,STD,PFE,USD,71217.0000,7124.0000,19337.0000,A,25.9000
008543,20061231,2006,INDL,C,D,STD,MO,USD,39619.0000,2097.0810,12022.0000,A,85.8200
008546,20061231,2006,INDL,C,D,STD,PHG,USD,30349.1410,1106.8930,7103.9450,A,37.5800
008549,20061231,2006,INDL,C,D,STD,COP,USD,82646.0000,1646.0820,15550.0000,A,71.9500
008551,20060131,2005,INDL,C,D,STD,PVH,USD,610.6620,43.2360,111.6880,A,32.4000
008606,20061231,2006,INDL,C,D,STD,PBI,USD,698.1140,220.6130,105.3470,A,46.1900
008692,20061231,2006,INDL,C,D,STD,PCH,USD,577.8590,38.8240,139.1100,A,43.8200
008762,20060630,2006,INDL,C,D,STD,PG,USD,62745.0000,3178.8000,8684.0000,A,64.2700
008972,20061231,2006,INDL,C,D,STD,RTN,USD,11101.0000,445.8700,1283.0000,I,52.8000
009203,20060930,2006,INDL,C,D,STD,ROK,USD,1918.2000,170.8000,607.0000,A,61.0800
009217,20061231,2006,INDL,C,D,STD,ROH,USD,4031.0000,218.8380,735.0000,I,51.1200
009372,20061231,2006,INDL,C,D,STD,STJ,USD,2968.9870,353.9320,548.2510,I,36.5600
009459,20061231,2006,INDL,C,D,STD,SGP,USD,6470.0000,1487.0000,1143.0000,I,23.6400
009555,20061231,2006,INDL,C,D,STD,SEE,USD,1654.8000,80.6650,274.1000,A,64.9200
009667,20061231,2006,INDL,C,D,STD,SHW,USD,1992.3600,133.5650,576.0580,A,63.5800
009699,20061231,2006,INDL,C,D,STD,SIAL,USD,1410.9000,66.0000,276.8000,I,77.7200
009778,20061231,2006,INDL,C,D,STD,SNA,USD,1076.3000,58.1710,100.1000,A,47.6400
009815,20061231,2006,INDL,C,D,STD,SON,USD,1219.0680,100.5500,195.0810,A,38.0600
010000,20061231,2006,INDL,C,D,STD,SMP,USD,190.6990,18.3760,9.4110,A,14.9800
010016,20061231,2006,INDL,C,D,STD,SWK,USD,1552.0000,81.8410,289.5000,A,50.2900
010115,20061231,2006,INDL,C,D,STD,SYK,USD,4191.0000,407.9000,777.7000,A,55.1100
010150,20061231,2006,INDL,C,D,STD,SQA.A,USD,745.0700,11.3440,65.6060,I,115.0600
010405,20061231,2006,INDL,C,D,STD,ATI,USD,1492.6000,101.2010,571.9000,A,90.6800
010443,20061231,2006,INDL,C,D,STD,TEN,USD,226.0000,45.7900,49.0000,A,24.7200
010499,20061231,2006,INDL,C,D,STD,TXN,USD,11360.0000,1450.0310,4341.0000,A,28.8000
010519,20061231,2006,INDL,C,D,STD,TXT,USD,2639.0000,125.5960,601.0000,A,93.7700
010530,20061231,2006,INDL,C,D,STD,TMO,USD,13911.8270,416.6050,168.9350,A,45.2900
010540,20061231,2006,INDL,C,D,STD,TNB,USD,1068.3590,59.4730,175.1300,I,47.2800
010581,20061231,2006,INDL,C,D,STD,TKR,USD,1476.1800,94.1640,222.5270,A,29.1800
010618,20061031,2006,INDL,C,D,STD,TTC,USD,392.0290,40.3560,129.1450,A,46.6300
010793,20060930,2006,INDL,C,D,STD,TSN,USD,4440.0000,355.0000,-196.0000,A,16.4500
010816,20061231,2006,INDL,C,D,STD,USG,USD,1534.0000,89.8650,288.0000,I,54.8000
010839,20060630,2006,INDL,C,D,STD,UFI,USD,382.9530,52.2080,-14.3660,A,2.4500
010846,20061231,2006,INDL,C,D,STD,UL,USD,15403.5380,2889.9080,6261.9770,A,27.2500
010857,20061231,2006,INDL,C,D,STD,DOW2,USD,4420.0000,0.0010,1046.0000,A,
010991,20061231,2006,INDL,C,D,STD,SGMS,USD,528.0780,91.6280,66.7610,A,30.2300
011012,20061231,2006,INDL,C,D,STD,SXT,USD,704.1040,46.5700,66.4250,A,24.6000
011060,20061231,2006,INDL,C,D,STD,VFC,USD,3265.1720,112.1850,533.5160,A,82.0800
011094,20061231,2006,INDL,C,D,STD,VMI,USD,401.2810,25.6340,61.5440,A,55.4900
011191,20061231,2006,INDL,C,D,STD,VSH,USD,3080.8130,184.4630,139.7360,A,13.5400
011257,20061231,2006,INDL,C,D,STD,FTO,USD,775.8540,110.3440,379.2770,I,28.7400
011446,20061231,2006,INDL,C,D,STD,MWV,USD,3533.0000,182.1070,93.0000,I,30.0600
011465,20061231,2006,INDL,C,D,STD,WHR,USD,3283.0000,78.0000,433.0000,A,83.0200
011609,20061231,2006,INDL,C,D,STD,WWY,USD,2388.0920,276.9070,529.3770,I,51.7200
011636,20061231,2006,INDL,C,D,STD,XRX,USD,7080.0000,946.2050,1210.0000,A,16.9500
011721,20060930,2006,INDL,C,D,STD,OSK,USD,1061.9050,73.7510,205.5290,A,48.4200
011903,20061031,2006,INDL,C,D,STD,AEPI,USD,57.5930,7.8860,62.9290,I,53.3100
012053,20061231,2006,INDL,C,D,STD,EMC,USD,10325.7070,2122.3390,1223.9820,I,13.2000
012075,20060630,2006,INDL,C,D,STD,BYI,USD,144.0780,52.3540,-46.0710,I,18.6800
012189,20061231,2006,INDL,C,D,STD,XRIT,USD,185.6100,28.5690,-25.4910,I,12.3000
012233,20061231,2006,INDL,C,D,STD,GENZ,USD,5660.7110,263.0260,-16.7970,I,61.5800
012389,20061231,2006,INDL,C,D,STD,HOG,USD,2756.7370,258.0520,1043.1530,A,70.4700
012445,20061231,2006,INDL,C,D,STD,WTS,USD,826.5530,38.5330,73.7360,A,41.1100
012578,20061231,2006,INDL,C,D,STD,VHI,USD,866.7790,114.8960,141.6820,A,25.9800
012785,20060930,2006,INDL,C,D,STD,PPC,USD,1117.3280,66.5560,-34.2320,A,29.4300
012788,20060630,2006,INDL,C,D,STD,HAR,USD,1228.1640,66.0650,255.2950,I,99.9100
013200,20061031,2006,INDL,C,D,STD,PLAB,USD,614.2820,41.4850,29.3320,A,16.3400
013623,20061231,2006,INDL,C,D,STD,CNMD,USD,440.3540,27.9820,-12.5070,A,23.1200
013700,20061231,2006,INDL,C,D,STD,XRAY,USD,1273.8350,151.8000,223.7180,A,29.8500
013971,20061231,2006,INDL,C,D,STD,MEOH,USD,1209.2510,105.8010,482.9490,A,27.3700
014049,20061231,2006,INDL,C,D,STD,GNA,USD,1852.1340,305.3770,378.6460,I,8.9200
014282,20061231,2006,INDL,C,D,STD,APH,USD,902.9940,89.1330,255.6910,A,62.0800
014538,20061231,2006,INDL,C,D,STD,TEVA,USD,11142.0000,758.0000,546.0000,A,31.0800
014563,20061231,2006,INDL,C,D,STD,MERC,USD,288.7520,35.4650,83.4180,A,11.8700
014620,20061231,2006,INDL,C,D,STD,ELUXY,USD,1930.5840,139.4670,562.9040,A,40.0410
015106,20061231,2006,INDL,C,D,STD,BEC,USD,1154.3000,61.0000,186.9000,I,59.8000
015110,20061231,2006,INDL,C,D,STD,LYO,USD,3188.0000,248.9700,186.0000,I,25.5700
015247,20061231,2006,INDL,C,D,STD,VLO,USD,18605.0000,603.7630,5463.0000,A,51.1600
015252,20061231,2006,INDL,C,D,STD,TRS,USD,232.7800,20.7600,-128.9100,A,
015267,20061231,2006,INDL,C,D,STD,IEX,USD,979.2720,53.6970,146.6710,A,47.4100
015444,20061231,2006,INDL,C,D,STD,CRH,USD,9373.9610,542.1620,1597.1010,A,42.5000
015709,20061231,2006,INDL,C,D,STD,PCL,USD,2089.0000,177.1000,317.0000,I,39.8500
016401,20060331,2005,INDL,C,D,STD,CRUS,USD,264.2700,86.8160,52.4260,A,6.6800
016477,20061231,2006,INDL,C,D,STD,LEA,USD,602.0000,76.2520,-707.5000,A,29.5300
017110,20060831,2006,INDL,C,D,STD,SLR,USD,2413.7000,905.8000,133.2000,I,3.2200
018636,20060630,2006,INDL,C,D,STD,DEO,USD,8324.6480,689.2500,3528.0830,A,79.3100
020185,20060930,2006,INDL,C,D,STD,SMG,USD,1081.7000,65.1000,132.7000,A,51.6500
020309,20061231,2006,INDL,C,D,STD,CRWFF,USD,568.0830,58.3570,51.7530,I,19.7500
020421,20060630,2006,INDL,C,D,STD,FBRWY,USD,3326.7660,2018.8000,865.6700,I,5.4544
020779,20060731,2006,INDL,C,D,STD,CSCO,USD,23912.0000,6059.0000,5580.0000,A,27.3300
021487,20061231,2006,INDL,C,D,STD,BEAV,USD,706.0000,79.5000,85.6000,I,25.6800
021496,20061231,2006,INDL,C,D,STD,ORB,USD,394.3190,58.9150,34.8840,I,18.4400
022325,20060331,2005,INDL,C,D,STD,XLNX,USD,2728.8850,342.6180,354.1490,I,25.2100
022839,20061231,2006,INDL,C,D,STD,3525B,USD,392.8400,0.0010,54.3860,I,
023084,20061231,2006,INDL,C,D,STD,BHE,USD,985.0220,64.7510,111.6770,A,24.3600
023671,20061231,2006,INDL,C,D,STD,NOK,USD,15915.5820,3965.7300,5682.6280,A,20.3200
023945,20061231,2006,INDL,C,D,STD,CEPH,USD,1309.4600,65.5960,144.8160,I,70.4100
023978,20061231,2006,INDL,C,D,STD,X,USD,4365.0000,118.5450,1374.0000,A,73.1400
024008,20061231,2006,INDL,C,D,STD,MEDI,USD,1377.2000,238.6000,48.7000,I,32.3700
024032,20061231,2006,INDL,C,D,STD,JNY,USD,2211.6000,107.9000,-144.1000,I,33.4300
024363,20061231,2006,INDL,C,D,STD,BUCY,USD,295.9960,31.5770,70.3440,I,51.7600
024468,20061231,2006,INDL,C,D,STD,BIIB,USD,7149.7780,338.1740,217.5110,A,49.1900
024925,20061231,2006,INDL,C,D,STD,ROP,USD,1486.8390,87.7790,193.3240,A,50.2400
025119,20061231,2006,INDL,C,D,STD,MHK,USD,3715.2630,67.7650,455.8330,A,74.8600
025279,20061231,2006,INDL,C,D,STD,BSX,USD,15298.0000,1474.6740,-3577.0000,A,17.1800
025405,20061231,2006,INDL,C,D,STD,BGC,USD,429.3000,52.0020,135.3000,I,43.7100
027845,20061231,2006,INDL,C,D,STD,AGN,USD,1680.3880,102.4670,-445.0050,I,26.0300
027980,20061231,2006,INDL,C,D,STD,JAH,USD,1257.4000,71.6000,106.0000,I,34.7900
028004,20061231,2006,INDL,C,D,STD,8135A,USD,-1272.2000,0.0050,-244.5000,A,
028139,20060930,2006,INDL,C,D,STD,SANM,USD,2270.5630,532.9050,-141.5570,A,3.4500
028169,20061231,2006,INDL,C,D,STD,AGU,USD,1233.0000,133.0000,33.0000,A,31.4900
028195,20060831,2006,INDL,C,D,STD,JBL,USD,2294.4810,202.9320,164.5180,A,24.5500
028272,20061231,2006,INDL,C,D,STD,AZN,USD,15304.0000,1532.2460,6043.0000,A,53.5500
028295,20061231,2006,INDL,C,D,STD,TWI,USD,187.1770,19.8990,5.1440,A,20.1500
028303,20060131,2005,INDL,C,D,STD,PERY,USD,219.3800,9.6050,22.6820,I,19.0000
028380,20061231,2006,INDL,C,D,STD,OFIX,USD,392.6350,16.4460,-7.0420,A,50.0000
028742,20061231,2006,INDL,C,D,STD,BWA,USD,1875.4000,57.6930,211.6000,A,59.0200
028844,20061231,2006,INDL,C,D,STD,KOF,USD,3728.8760,184.6530,452.1510,A,38.0000
028940,20061231,2006,INDL,C,D,STD,BDC,USD,843.9010,44.1510,65.9350,A,39.0900
029001,20061231,2006,INDL,C,D,STD,OMG,USD,782.0790,29.7390,216.0730,I,45.2800
029131,20061231,2006,INDL,C,D,STD,ROCK,USD,550.2280,29.8840,57.2690,A,23.5100
029133,20061231,2006,INDL,C,D,STD,ITRI,USD,390.9820,25.6750,33.7590,A,51.8400
029392,20061231,2006,INDL,C,D,STD,EMN,USD,2029.0000,83.5310,409.0000,A,59.3100
029751,20061231,2006,INDL,C,D,STD,ALB,USD,1028.0980,47.4300,142.9690,A,71.8000
029968,20061231,2006,INDL,C,D,STD,AKS,USD,417.0000,110.3250,12.0000,I,16.9000
030098,20061231,2006,INDL,C,D,STD,IR,USD,852.5300,52.6260,132.9080,A,37.3100
030170,20060331,2005,INDL,C,D,STD,FLEX,USD,5354.6470,578.1420,141.1620,A,10.4400
030219,20060131,2005,INDL,C,D,STD,BTH,USD,493.8240,40.9950,24.8570,I,20.9500
030923,20061231,2006,INDL,C,D,STD,FTI,USD,3168.9960,104.7810,264.0720,A,68.6100
031142,20061231,2006,INDL,C,D,STD,STM,USD,9747.0000,897.3950,782.0000,A,18.4000
060894,20061231,2006,INDL,C,D,STD,CAM,USD,1741.4390,112.2900,317.8160,I,53.0500
060979,20061231,2006,INDL,C,D,STD,WAB,USD,469.8890,48.2510,84.8040,A,30.3800
061513,20061231,2006,INDL,C,D,STD,SNDK,USD,4768.1340,226.5180,198.8960,I,43.0300
061552,20061231,2006,INDL,C,D,STD,LXK,USD,1035.2000,97.0000,338.4000,I,73.2000
061567,20060630,2006,INDL,C,D,STD,EL,USD,1622.3000,211.7610,244.2000,A,40.8200
061572,20060831,2006,INDL,C,D,STD,SMOD,USD,146.8950,58.4310,32.3060,I,13.4600
061576,20060930,2006,INDL,C,D,STD,HW,USD,800.9580,42.0520,102.0580,I,23.9600
061763,20060630,2006,INDL,C,D,STD,RDEN,USD,277.8470,28.5310,32.7940,I,19.0500
062516,20061231,2006,INDL,C,D,STD,CENX,USD,129.7100,32.4580,-40.9550,A,44.6500
062836,20061231,2006,INDL,C,D,STD,3POLGA,USD,109.0960,19.2940,-34.5320,I,25.5500
062865,20061231,2006,INDL,C,D,STD,GETI,USD,95.9330,10.3480,-2.1030,I,34.5900
062897,20061231,2006,INDL,C,D,STD,TUP,USD,400.5000,60.5610,94.2000,A,22.6100
063424,20061231,2006,INDL,C,D,STD,LVB,USD,158.0010,8.3760,-0.6680,I,31.0500
063447,20061231,2006,INDL,C,D,STD,GES,USD,431.0600,46.0440,123.1680,A,63.4300
063637,20061231,2006,INDL,C,D,STD,LYO1,USD,143.0000,0.0010,159.0000,I,
063769,20061231,2006,INDL,C,D,STD,SPSX,USD,358.9880,20.3890,57.3490,I,33.2500
063892,20061231,2006,INDL,C,D,STD,NOV,USD,5023.5000,175.5720,684.0000,A,61.1800
063914,20061231,2006,INDL,C,D,STD,CNH,USD,5120.0000,236.1650,292.0000,I,27.3000
064030,20061231,2006,INDL,C,D,STD,STLD,USD,1231.1080,96.9830,396.7070,A,32.4500
064356,20061031,2006,INDL,C,D,STD,CIEN,USD,753.6260,84.8920,0.5950,A,27.7100
064389,20061231,2006,INDL,C,D,STD,SLGN,USD,366.5400,37.5880,104.0160,A,43.9200
064690,20061231,2006,INDL,C,D,STD,ALV,USD,2402.9000,80.1000,402.3000,A,60.3000
064745,20061231,2006,INDL,C,D,STD,KNL,USD,4.3840,49.0380,58.6330,I,22.0000
064891,20060331,2005,INDL,C,D,STD,RL,USD,2049.6000,105.4000,308.0000,A,56.1400
065107,20061231,2006,INDL,C,D,STD,SSCC,USD,0.0110,3.7920,-0.3290,A,0.1000
065248,20061231,2006,INDL,C,D,STD,MT,USD,42127.0000,1385.2690,5226.0000,A,42.1800
065590,20061231,2006,INDL,C,D,STD,SRI,USD,178.6220,23.8040,14.5130,A,8.1900
065643,20061231,2006,INDL,C,D,STD,FCS,USD,1132.2000,122.7290,83.4000,I,16.8100
065676,20061231,2006,INDL,C,D,STD,IN,USD,417.6020,60.3180,32.0000,I,24.2700
065772,20061231,2006,INDL,C,D,STD,MTD,USD,630.8620,38.4300,157.5320,A,78.8500
066050,20061231,2006,INDL,C,D,STD,HWK,USD,46.7280,9.0170,2.9690,I,11.9700
066290,20060228,2005,INDL,C,D,STD,SCS,USD,1204.9000,149.4900,48.9000,A,15.8300
066440,20060630,2006,INDL,C,D,STD,3368B,USD,-288.9310,0.0010,-84.3110,I,
101204,20061231,2006,INDL,C,D,STD,SNY,USD,60178.3200,2700.9880,5286.7180,A,46.1700
101310,20061231,2006,INDL,C,D,STD,NVS,USD,41294.0000,2348.2310,7175.0000,A,57.4400
101352,20061231,2006,INDL,C,D,STD,ALU,USD,20446.0000,2250.9390,-232.0000,I,14.2200
110039,20061231,2006,INDL,C,D,STD,AMKR,USD,393.9200,178.1090,170.0840,A,9.3400
112033,20061231,2006,INDL,C,D,STD,KG,USD,2288.6060,243.1510,288.9490,I,15.9200
112158,20061231,2006,INDL,C,D,STD,CLS,USD,2094.6000,227.8530,-150.6000,A,7.8100
117768,20060131,2005,INDL,C,D,STD,NVDA,USD,1495.9920,171.4770,301.1760,A,36.5600
117861,20061231,2006,INDL,C,D,STD,AXL,USD,813.7000,50.5000,-222.5000,A,18.9900
119417,20061231,2006,INDL,C,D,STD,PBG,USD,2084.0000,230.0000,522.0000,I,30.9100
120877,20061231,2006,INDL,C,D,STD,RAI,USD,7043.0000,295.6250,1210.0000,I,65.4700
121718,20061231,2006,INDL,C,D,STD,JNPR,USD,6115.0840,569.2340,-1001.4370,A,18.9400
122257,20061231,2006,INDL,C,D,STD,BMRN,USD,117.8020,91.7260,-28.5330,A,16.3900
122380,20061231,2006,INDL,C,D,STD,LII,USD,804.4000,67.1560,166.0000,A,30.6100
124254,20061130,2006,INDL,C,D,STD,OMN,USD,48.5000,42.0000,21.3000,I,4.5800
125533,20061231,2006,INDL,C,D,STD,PTV,USD,853.0000,132.6760,274.0000,I,35.6900
125599,20061231,2006,INDL,C,D,STD,CHRT,USD,1428.8570,253.5900,66.7540,I,8.3500
126554,20061031,2006,INDL,C,D,STD,A,USD,3648.0000,408.0000,3307.0000,A,34.8500
128978,20061231,2006,INDL,C,D,STD,PKG,USD,691.7710,104.6110,125.0320,A,22.1000
133367,20060930,2006,INDL,C,D,STD,EPC,USD,212.4000,56.6730,260.9000,A,70.9900
136648,20061231,2006,INDL,C,D,STD,VC,USD,-188.0000,129.0000,-163.0000,A,8.4800
138143,20060630,2006,INDL,C,D,STD,9971B,USD,59.5200,2.2980,1.0770,I,
138741,20061231,2006,INDL,C,D,STD,AMMD,USD,281.1620,71.0590,-49.3170,I,18.5200
139804,20061231,2006,INDL,C,D,STD,TTMI,USD,287.3150,42.0930,35.0390,A,11.3300
144066,20060930,2006,INDL,C,D,STD,COL,USD,1206.0000,167.1000,477.0000,I,63.2900
144435,20061231,2006,INDL,C,D,STD,BG,USD,4978.0000,119.9560,521.0000,A,72.5100
145911,20061231,2006,INDL,C,D,STD,DJO,USD,270.2690,22.3180,12.6410,I,42.8200
145979,20061231,2006,INDL,C,D,STD,ACW,USD,263.5820,34.8500,65.1330,I,11.2600
146017,20060831,2006,INDL,C,D,STD,AYI,USD,542.2590,43.0630,106.5620,A,52.0400
147644,20061231,2006,INDL,C,D,STD,KYPH,USD,344.7000,44.9390,39.7320,I,40.4000
148250,20061231,2006,INDL,C,D,STD,0252B,USD,78.2750,0.8270,16.2540,I,
148310,20060831,2006,INDL,C,D,STD,0282B,USD,-85.8610,11.9310,-28.7660,I,
150937,20060630,2006,INDL,C,D,STD,STX,USD,5212.0000,575.9480,840.0000,A,26.5000
151016,20061231,2006,INDL,C,D,STD,DADE,USD,809.2000,82.8600,120.0000,I,39.8100
156861,20061231,2006,INDL,C,D,STD,TPX,USD,213.3480,83.2220,112.3220,A,20.4600
160255,20061231,2006,INDL,C,D,STD,HSP,USD,1361.0890,155.8840,237.6790,I,33.5800
160282,20061231,2006,INDL,C,D,STD,XRM,USD,116.5800,43.8000,31.2880,I,9.7900
160570,20061231,2006,INDL,C,D,STD,CVGI,USD,264.9050,21.3690,58.0500,A,21.8000
160684,20061231,2006,INDL,C,D,STD,WLK,USD,1173.5410,65.2690,194.5590,A,31.3800
162264,20061231,2006,INDL,C,D,STD,NP,USD,184.9000,14.8100,62.5000,A,35.3200
162401,20061231,2006,INDL,C,D,STD,HUN,USD,1449.1000,220.6520,229.8000,A,18.9700
163036,20061231,2006,INDL,C,D,STD,BLDR,USD,256.8640,34.8320,68.8930,A,17.8300
163113,20061231,2006,INDL,C,D,STD,KOP,USD,-92.4000,20.7300,15.2000,A,26.0700
163939,20061231,2006,INDL,C,D,STD,ALJ,USD,290.3300,46.8060,157.3680,I,26.3100
163948,20061231,2006,INDL,C,D,STD,DRC,USD,631.8710,85.4770,78.7590,I,24.4700
164494,20061231,2006,INDL,C,D,STD,SPR,USD,859.0000,134.6970,16.8000,A,33.4700
164758,20061231,2006,INDL,C,D,STD,DEIX,USD,124.3910,25.1640,21.0090,I,11.4500
165358,20061231,2006,INDL,C,D,STD,ARII,USD,250.1800,21.2080,35.2040,I,34.0400
165360,20060630,2006,INDL,C,D,STD,0507B,USD,275.4210,0.0110,14.6860,I,
175163,20061231,2006,INDL,C,D,STD,WCRX,USD,1328.2320,250.5580,-153.5100,I,13.8200
210418,20061231,2006,INDL,C,D,STD,ABB,USD,6038.0000,2178.9730,1390.0000,A,17.9800
233491,20061231,2006,INDL,C,D,STD,MX,USD,-284.5410,52.7210,-229.3100,A,
241216,20061231,2006,INDL,C,D,STD,SYT,USD,5666.0000,487.1460,634.0000,I,37.1400
